[
    {
      "profileImg": "satvik.jpg",
      "name": "Satvik Gajula",
      "age": "21",
      "location": "Hyderabad, India",
      "skills": ["Student", "CSE"],
      "lastSeen": "2024-10-13T08:00:00"
    },
    {
      "profileImg": "satvik.jpg",
      "name": "Rohit",
      "age": "22",
      "location": "Mumbai, India",
      "skills": ["Graphic Designer", "Artist"],
      "lastSeen": "2024-09-18T08:00:00"
    },
    {
      "profileImg": "satvik.jpg",
      "name": "Ankit Verma",
      "age": "30",
      "location": "Delhi, India",
      "skills": ["Developer", "Tech Enthusiast"],
      "lastSeen": "2024-09-20T09:00:00"
    },
    {
      "profileImg": "satvik.jpg",
      "name": "Sneha Patel",
      "age": "28",
      "location": "Ahmedabad, India",
      "skills": ["Writer", "Content Creator"],
      "lastSeen": "2024-09-16T12:00:00"
    },
    {
      "profileImg": "satvik.jpg",
      "name": "Vikram Singh",
      "age": "26",
      "location": "Pune, India",
      "skills": ["Photographer", "Explorer"],
      "lastSeen": "2024-09-14T14:00:00"
    },
    {
      "profileImg": "satvik.jpg",
      "name": "Riya Gupta",
      "age": "35",
      "location": "Chennai, India",
      "skills": ["Business Analyst", "Consultant"],
      "lastSeen": "2024-09-12T16:00:00"
    }
  ]
  